{"cameraMode":{"drawMode":0,"name":"Shaded","section":"Shading Mode"},"sceneLighting":true,"audioPlay":false,"sceneViewState":{"showFog":true,"showMaterialUpdate":false,"showSkybox":true,"showFlares":true,"showImageEffects":true,"showParticleSystems":true},"in2DMode":false,"pivot":{"x":-1.087432861328125,"y":0.736328125,"z":-3.291015625},"rotation":{"x":0.5071507692337036,"y":-0.007756642531603575,"z":0.004564590286463499,"w":0.8618125319480896},"size":18.61795425415039,"orthographic":true}